{"cameraMode":{"drawMode":0,"name":"Shaded","section":"Shading Mode"},"sceneLighting":true,"audioPlay":false,"sceneViewState":{"showFog":false,"showMaterialUpdate":false,"showSkybox":false,"showFlares":false,"showImageEffects":false,"showParticleSystems":false},"in2DMode":false,"pivot":{"x":26.26410675048828,"y":13.057987213134766,"z":-25.360736846923829},"rotation":{"x":-0.13407909870147706,"y":0.3030526041984558,"z":-0.04311174526810646,"w":-0.9425090551376343},"size":6.915768146514893,"orthographic":false}