{"cameraMode":{"drawMode":0,"name":"Shaded","section":"Shading Mode"},"sceneLighting":true,"audioPlay":false,"sceneViewState":{"showFog":false,"showMaterialUpdate":false,"showSkybox":false,"showFlares":false,"showImageEffects":false,"showParticleSystems":false},"in2DMode":false,"pivot":{"x":0.44460177421569826,"y":-6.599999904632568,"z":-7.607597351074219},"rotation":{"x":-0.06793482601642609,"y":0.8768400549888611,"z":-0.130109503865242,"w":-0.4578297734260559},"size":1.74360990524292,"orthographic":false}